Motor,Trial,Speed,Duration,Start_Angle,End_Angle,Angle_Change,Voltage
2,0,4,0.13,1512,1630,118,12.5
2,1,4,0.13,1630,1764,134,12.5
2,2,4,0.13,1764,1925,161,12.5
2,3,4,0.13,1925,2064,139,12.5
2,4,4,0.13,2064,2185,121,12.5
2,5,4,0.13,2185,2383,198,12.5
2,6,4,0.13,2383,2601,218,12.5
2,7,4,0.13,2601,2799,198,12.5
2,8,4,0.13,2799,3053,254,12.5
2,9,4,0.13,3053,3430,377,12.5
2,10,4,0.13,3431,3809,378,12.5
2,11,4,0.13,3809,57,344,12.5
2,12,4,0.13,57,365,308,12.5
2,13,4,0.13,365,587,222,12.5
2,14,4,0.13,587,738,151,12.5
2,15,4,0.13,738,880,142,12.5
2,16,4,0.13,880,1086,206,12.5
2,17,4,0.13,1086,1189,103,12.5
2,18,4,0.13,1189,1316,127,12.5
2,19,4,0.13,1316,1435,119,12.5
2,20,4,0.13,1435,1583,148,12.5
2,21,4,0.13,1583,1621,38,12.5
2,22,4,0.13,1621,1790,169,12.5
2,23,4,0.13,1790,1972,182,12.5
2,24,4,0.13,1972,2117,145,12.5
2,25,4,0.13,2118,2293,175,12.5
2,26,4,0.13,2293,2515,222,12.5
2,27,4,0.13,2515,2688,173,12.5
2,28,4,0.13,2688,2926,238,12.5
2,29,4,0.13,2926,3241,315,12.5
2,30,4,0.13,3241,3606,365,12.5
2,31,4,0.13,3606,4006,400,12.5
2,32,4,0.13,4006,233,323,12.5
2,33,4,0.13,233,488,255,12.5
2,34,4,0.13,488,697,209,12.5
2,35,4,0.13,697,787,90,12.5
2,36,4,0.13,787,932,145,12.5
2,37,4,0.13,932,1099,167,12.5
2,38,4,0.13,1099,1193,94,12.5
2,39,4,0.13,1193,1288,95,12.5
2,40,4,0.13,1288,1394,106,12.5
2,41,4,0.13,1394,1550,156,12.5
2,42,4,0.13,1550,1681,131,12.5
2,43,4,0.13,1681,1845,164,12.5
2,44,4,0.13,1845,1996,151,12.5
2,45,4,0.13,1996,2127,131,12.5
2,46,4,0.13,2127,2327,200,12.5
2,47,4,0.13,2327,2579,252,12.5
2,48,4,0.13,2579,2772,193,12.5
2,49,4,0.13,2772,3004,232,12.5
2,50,4,0.13,3003,3327,324,12.5
2,51,4,0.13,3327,3704,377,12.5
2,52,4,0.13,3704,4062,358,12.5
2,53,4,0.13,4062,282,316,12.5
2,54,4,0.13,282,547,265,12.5
2,55,4,0.13,547,698,151,12.5
2,56,4,0.13,698,763,65,12.5
2,57,4,0.13,762,915,153,12.5
2,58,4,0.13,915,1101,186,12.5
2,59,4,0.13,1102,1214,112,12.5
2,60,4,0.13,1214,1334,120,12.5
2,61,4,0.13,1334,1424,90,12.5
2,62,4,0.13,1424,1533,109,12.5
2,63,4,0.13,1533,1589,56,12.5
2,64,4,0.13,1589,1634,45,12.5
2,65,4,0.13,1634,1782,148,12.5
2,66,4,0.13,1782,1935,153,12.5
2,67,4,0.13,1935,2090,155,12.5
2,68,4,0.13,2090,2280,190,12.5
2,69,4,0.13,2280,2515,235,12.5
2,70,4,0.13,2515,2702,187,12.5
2,71,4,0.13,2702,2912,210,12.5
2,72,4,0.13,2912,3209,297,12.5
2,73,4,0.13,3209,3561,352,12.5
2,74,4,0.13,3561,3923,362,12.5
2,75,4,0.13,3923,162,335,12.5
2,76,4,0.13,162,436,274,12.5
2,77,4,0.13,436,645,209,12.5
2,78,4,0.13,645,757,112,12.5
2,79,4,0.13,758,912,154,12.5
2,80,4,0.13,912,1077,165,12.5
2,81,4,0.13,1077,1173,96,12.5
2,82,4,0.13,1173,1228,55,12.5
2,83,4,0.13,1228,1332,104,12.5
2,84,4,0.13,1332,1484,152,12.5
2,85,4,0.13,1484,1619,135,12.5
2,86,4,0.13,1619,1787,168,12.5
2,87,4,0.13,1787,1964,177,12.5
2,88,4,0.13,1964,2100,136,12.5
2,89,4,0.13,2100,2268,168,12.5
2,90,4,0.13,2268,2493,225,12.5
2,91,4,0.13,2493,2702,209,12.5
2,92,4,0.13,2702,2967,265,12.5
2,93,4,0.13,2967,3276,309,12.5
2,94,4,0.13,3276,3659,383,12.5
2,95,4,0.13,3660,4010,350,12.5
2,96,4,0.13,4010,215,301,12.5
2,97,4,0.13,215,491,276,12.5
2,98,4,0.13,491,665,174,12.5
2,99,4,0.13,666,732,66,12.5
2,0,5,0.13,732,1359,627,12.5
2,1,5,0.13,1359,2053,694,12.5
2,2,5,0.13,2053,2698,645,12.5
2,3,5,0.13,2698,3600,902,12.5
2,4,5,0.13,3600,408,904,12.5
2,5,5,0.13,408,1062,654,12.5
2,6,5,0.13,1062,1715,653,12.5
2,7,5,0.13,1715,2418,703,12.5
2,8,5,0.13,2418,3164,746,12.5
2,9,5,0.13,3164,44,976,12.5
2,10,5,0.13,44,772,728,12.5
2,11,5,0.13,772,1390,618,12.5
2,12,5,0.13,1390,2074,684,12.5
2,13,5,0.13,2074,2745,671,12.5
2,14,5,0.13,2745,3666,921,12.5
2,15,5,0.13,3666,463,893,12.5
2,16,5,0.13,463,1089,626,12.5
2,17,5,0.13,1089,1747,658,12.5
2,18,5,0.13,1747,2435,688,12.5
2,19,5,0.13,2435,3174,739,12.5
2,20,5,0.13,3174,61,983,12.5
2,21,5,0.13,61,771,710,12.5
2,22,5,0.13,771,1394,623,12.5
2,23,5,0.13,1394,2071,677,12.5
2,24,5,0.13,2071,2733,662,12.5
2,25,5,0.13,2733,3643,910,12.5
2,26,5,0.13,3643,435,888,12.5
2,27,5,0.13,435,1080,645,12.5
2,28,5,0.13,1080,1708,628,12.5
2,29,5,0.13,1708,2389,681,12.5
2,30,5,0.13,2389,3125,736,12.5
2,31,5,0.13,3125,23,994,12.5
2,32,5,0.13,23,764,741,12.5
2,33,5,0.13,764,1348,584,12.5
2,34,5,0.13,1349,2017,668,12.5
2,35,5,0.13,2017,2693,676,12.5
2,36,5,0.13,2693,3576,883,12.5
2,37,5,0.13,3576,391,911,12.5
2,38,5,0.13,391,1038,647,12.5
2,39,5,0.13,1038,1682,644,12.5
2,40,5,0.13,1682,2360,678,12.5
2,41,5,0.13,2360,3087,727,12.5
2,42,5,0.13,3087,4090,1003,12.5
2,43,5,0.13,4090,732,738,12.5
2,44,5,0.13,732,1331,599,12.5
2,45,5,0.13,1331,1668,337,12.5
2,46,5,0.13,1668,2663,995,12.5
2,47,5,0.13,2663,3499,836,12.5
2,48,5,0.13,3499,315,912,12.5
2,49,5,0.13,315,984,669,12.5
2,50,5,0.13,984,1627,643,12.5
2,51,5,0.13,1627,2278,651,12.5
2,52,5,0.13,2278,3008,730,12.5
2,53,5,0.13,3008,3935,927,12.5
2,54,5,0.13,3935,650,811,12.5
2,55,5,0.13,650,1241,591,12.5
2,56,5,0.13,1241,1844,603,12.5
2,57,5,0.13,1844,2497,653,12.5
2,58,5,0.13,2497,3275,778,12.5
2,59,5,0.13,3275,146,967,12.5
2,60,5,0.13,146,832,686,12.5
2,61,5,0.13,832,1473,641,12.5
2,62,5,0.13,1473,2114,641,12.5
2,63,5,0.13,2114,2794,680,12.5
2,64,5,0.13,2794,3694,900,12.5
2,65,5,0.13,3694,476,878,12.5
2,66,5,0.13,476,1100,624,12.5
2,67,5,0.13,1100,1726,626,12.5
2,68,5,0.13,1726,2401,675,12.5
2,69,5,0.13,2401,3114,713,12.5
2,70,5,0.13,3114,4090,976,12.5
2,71,5,0.13,4090,735,741,12.5
2,72,5,0.13,735,1327,592,12.5
2,73,5,0.13,1327,2003,676,12.5
2,74,5,0.13,2003,2660,657,12.5
2,75,5,0.13,2660,3466,806,12.5
2,76,5,0.13,3466,297,927,12.5
2,77,5,0.13,297,954,657,12.5
2,78,5,0.13,954,1570,616,12.5
2,79,5,0.13,1570,2203,633,12.5
2,80,5,0.13,2203,2924,721,12.5
2,81,5,0.13,2924,3837,913,12.5
2,82,5,0.13,3837,560,819,12.5
2,83,5,0.13,560,1149,589,12.5
2,84,5,0.13,1149,1784,635,12.5
2,85,5,0.13,1784,2422,638,12.5
2,86,5,0.13,2422,3143,721,12.5
2,87,5,0.13,3143,4,957,12.5
2,88,5,0.13,4,714,710,12.5
2,89,5,0.13,714,1311,597,12.5
2,90,5,0.13,1311,1993,682,12.5
2,91,5,0.13,1993,2637,644,12.5
2,92,5,0.13,2637,3434,797,12.5
2,93,5,0.13,3433,223,886,12.5
2,94,5,0.13,223,884,661,12.5
2,95,5,0.13,884,1500,616,12.5
2,96,5,0.13,1500,2159,659,12.5
2,97,5,0.13,2159,2836,677,12.5
2,98,5,0.13,2837,3737,900,12.5
2,99,5,0.13,3737,489,848,12.5
2,0,6,0.13,489,1639,1150,12.5
2,1,6,0.13,1639,2864,1225,12.5
2,2,6,0.13,2864,329,1561,12.5
2,3,6,0.13,329,1480,1151,12.5
2,4,6,0.13,1480,2715,1235,12.5
2,5,6,0.13,2715,179,1560,12.5
2,6,6,0.13,179,1358,1179,12.5
2,7,6,0.13,1358,2612,1254,12.5
2,8,6,0.13,2612,30,1514,12.5
2,9,6,0.13,30,1244,1214,12.5
2,10,6,0.13,1244,2477,1233,12.5
2,11,6,0.13,2477,3948,1471,12.5
2,12,6,0.13,3948,1079,1227,12.5
2,13,6,0.13,1079,2268,1189,12.5
2,14,6,0.13,2268,2800,532,12.5
2,15,6,0.13,2800,905,2201,12.5
2,16,6,0.13,905,1470,565,12.5
2,17,6,0.13,1470,3500,2030,12.5
2,18,6,0.13,3500,767,1363,12.5
2,19,6,0.13,767,1925,1158,12.5
2,20,6,0.13,1925,3165,1240,12.5
2,21,6,0.13,3165,566,1497,12.5
2,22,6,0.13,566,1697,1131,12.5
2,23,6,0.13,1697,2877,1180,12.5
2,24,6,0.13,2877,293,1512,12.5
2,25,6,0.13,293,1435,1142,12.5
2,26,6,0.13,1435,2657,1222,12.5
2,27,6,0.13,2657,46,1485,12.5
2,28,6,0.13,46,1251,1205,12.5
2,29,6,0.13,1251,2468,1217,12.5
2,30,6,0.13,2468,3876,1408,12.5
2,31,6,0.13,3876,1046,1266,12.5
2,32,6,0.13,1046,2190,1144,12.5
2,33,6,0.13,2190,3550,1360,12.5
2,34,6,0.13,3550,786,1332,12.5
2,35,6,0.13,786,1985,1199,12.5
2,36,6,0.13,1985,3211,1226,12.5
2,37,6,0.13,3211,573,1458,12.5
2,38,6,0.13,573,1706,1133,12.5
2,39,6,0.13,1706,2869,1163,12.5
2,40,6,0.13,2869,261,1488,12.5
2,41,6,0.13,261,1404,1143,12.5
2,42,6,0.13,1404,2614,1210,12.5
2,43,6,0.13,2613,4069,1456,12.5
2,44,6,0.13,4069,1158,1185,12.5
2,45,6,0.13,1158,2313,1155,12.5
2,46,6,0.13,2313,3665,1352,12.5
2,47,6,0.13,3665,851,1282,12.5
2,48,6,0.13,851,2012,1161,12.5
2,49,6,0.13,2012,3236,1224,12.5
2,50,6,0.13,3236,588,1448,12.5
2,51,6,0.13,588,1712,1124,12.5
2,52,6,0.13,1712,2878,1166,12.5
2,53,6,0.13,2878,3466,588,12.5
2,54,6,0.13,3466,1405,2035,12.5
2,55,6,0.13,1405,2601,1196,12.5
2,56,6,0.13,2601,3117,516,12.5
2,57,6,0.13,3117,1122,2101,12.5
2,58,6,0.13,1122,2242,1120,12.5
2,59,6,0.13,2242,3569,1327,12.5
2,60,6,0.13,3569,769,1296,12.5
2,61,6,0.13,769,1900,1131,12.5
2,62,6,0.13,1900,3055,1155,12.5
2,63,6,0.13,3055,450,1491,12.5
2,64,6,0.13,449,1542,1093,12.5
2,65,6,0.13,1542,2672,1130,12.5
2,66,6,0.13,2672,24,1448,12.5
2,67,6,0.13,24,1203,1179,12.5
2,68,6,0.13,1203,2361,1158,12.5
2,69,6,0.13,2361,2887,526,12.5
2,70,6,0.13,2887,889,2098,12.5
2,71,6,0.13,889,1436,547,12.5
2,72,6,0.13,1436,3243,1807,12.5
2,73,6,0.13,3243,577,1430,12.5
2,74,6,0.13,577,1650,1073,12.5
2,75,6,0.13,1650,2811,1161,12.5
2,76,6,0.13,2811,182,1467,12.5
2,77,6,0.13,182,1302,1120,12.5
2,78,6,0.13,1302,2495,1193,12.5
2,79,6,0.13,2495,3903,1408,12.5
2,80,6,0.13,3903,999,1192,12.5
2,81,6,0.13,999,2144,1145,12.5
2,82,6,0.13,2144,3407,1263,12.5
2,83,6,0.13,3407,654,1343,12.5
2,84,6,0.13,653,1746,1093,12.5
2,85,6,0.13,1746,2867,1121,12.5
2,86,6,0.13,2867,215,1444,12.5
2,87,6,0.13,215,1308,1093,12.5
2,88,6,0.13,1308,2493,1185,12.5
2,89,6,0.13,2493,3853,1360,12.5
2,90,6,0.13,3853,968,1211,12.5
2,91,6,0.13,968,2097,1129,12.5
2,92,6,0.13,2097,2610,513,12.5
2,93,6,0.13,2610,615,2101,12.5
2,94,6,0.13,615,1694,1079,12.5
2,95,6,0.13,1694,2846,1152,12.5
2,96,6,0.13,2846,240,1490,12.5
2,97,6,0.13,240,1333,1093,12.5
2,98,6,0.13,1332,2501,1169,12.5
2,99,6,0.13,2501,3913,1412,12.5
2,0,7,0.13,3913,1531,1714,12.5
2,1,7,0.13,1531,3396,1865,12.5
2,2,7,0.13,3396,1177,1877,12.5
2,3,7,0.13,1177,2942,1765,12.5
2,4,7,0.13,2942,846,2000,12.5
2,5,7,0.13,846,2541,1695,12.5
2,6,7,0.13,2541,468,2023,12.5
2,7,7,0.13,468,2180,1712,12.5
2,8,7,0.13,2180,163,2079,12.5
2,9,7,0.13,163,1913,1750,12.5
2,10,7,0.13,1914,3822,1908,12.5
2,11,7,0.13,3822,1527,1801,12.5
2,12,7,0.13,1527,3364,1837,12.5
2,13,7,0.13,3364,1176,1908,12.5
2,14,7,0.13,1176,2917,1741,12.5
2,15,7,0.13,2917,795,1974,12.5
2,16,7,0.13,795,2544,1749,12.5
2,17,7,0.13,2544,499,2051,12.5
2,18,7,0.13,499,2184,1685,12.5
2,19,7,0.13,2184,142,2054,12.5
2,20,7,0.13,142,1845,1703,12.5
2,21,7,0.13,1845,3792,1947,12.5
2,22,7,0.13,3792,1462,1766,12.5
2,23,7,0.13,1462,3254,1792,12.5
2,24,7,0.13,3254,8,850,12.5
2,25,7,0.13,8,2759,2751,12.5
2,26,7,0.13,2759,672,2009,12.5
2,27,7,0.13,672,2362,1690,12.5
2,28,7,0.13,2362,327,2061,12.5
2,29,7,0.13,327,2022,1695,12.5
2,30,7,0.13,2022,4001,1979,12.5
2,31,7,0.13,4001,1630,1725,12.5
2,32,7,0.13,1629,3522,1893,12.5
2,33,7,0.13,3522,1251,1825,12.5
2,34,7,0.13,1251,2971,1720,12.5
2,35,7,0.13,2971,843,1968,12.5
2,36,7,0.13,843,2576,1733,12.5
2,37,7,0.13,2576,504,2024,12.5
2,38,7,0.13,504,2175,1671,12.5
2,39,7,0.13,2175,2853,678,12.5
2,40,7,0.13,2853,1804,3047,12.5
2,41,7,0.13,1804,3671,1867,12.5
2,42,7,0.13,3670,1361,1787,12.5
2,43,7,0.13,1361,3102,1741,12.5
2,44,7,0.13,3102,968,1962,12.5
2,45,7,0.13,968,2679,1711,12.5
2,46,7,0.13,2679,597,2014,12.5
2,47,7,0.13,597,2255,1658,12.5
2,48,7,0.13,2255,197,2038,12.5
2,49,7,0.13,197,3208,3011,12.5
2,50,7,0.13,3208,3747,539,12.5
2,51,7,0.13,3747,1424,1773,12.5
2,52,7,0.13,1424,3150,1726,12.5
2,53,7,0.13,3150,1007,1953,12.5
2,54,7,0.13,1007,2666,1659,12.5
2,55,7,0.13,2667,556,1985,12.5
2,56,7,0.13,556,2182,1626,12.5
2,57,7,0.13,2182,143,2057,12.5
2,58,7,0.13,143,3242,3099,12.5
2,59,7,0.13,3242,3707,465,12.5
2,60,7,0.13,3707,1401,1790,12.5
2,61,7,0.13,1401,3116,1715,12.5
2,62,7,0.13,3116,960,1940,12.5
2,63,7,0.13,960,2674,1714,12.5
2,64,7,0.13,2674,546,1968,12.5
2,65,7,0.13,546,2195,1649,12.5
2,66,7,0.13,2195,112,2013,12.5
2,67,7,0.13,112,1793,1681,12.5
2,68,7,0.13,1793,3667,1874,12.5
2,69,7,0.13,3667,1285,1714,12.5
2,70,7,0.13,1285,2928,1643,12.5
2,71,7,0.13,2928,781,1949,12.5
2,72,7,0.13,781,2421,1640,12.5
2,73,7,0.13,2421,323,1998,12.5
2,74,7,0.13,323,1972,1649,12.5
2,75,7,0.13,1972,3874,1902,12.5
2,76,7,0.13,3874,1506,1728,12.5
2,77,7,0.13,1506,3161,1655,12.5
2,78,7,0.13,3161,969,1904,12.5
2,79,7,0.13,969,2620,1651,12.5
2,80,7,0.13,2620,3307,687,12.5
2,81,7,0.13,3307,2124,2913,12.5
2,82,7,0.13,2124,9,1981,12.5
2,83,7,0.13,9,1699,1690,12.5
2,84,7,0.13,1699,3491,1792,12.5
2,85,7,0.13,3491,1147,1752,12.5
2,86,7,0.13,1147,2760,1613,12.5
2,87,7,0.13,2760,646,1982,12.5
2,88,7,0.13,646,2241,1595,12.5
2,89,7,0.13,2241,154,2009,12.5
2,90,7,0.13,154,1801,1647,12.5
2,91,7,0.13,1801,3623,1822,12.5
2,92,7,0.13,3623,1288,1761,12.5
2,93,7,0.13,1288,2918,1630,12.5
2,94,7,0.13,2918,758,1936,12.5
2,95,7,0.13,758,2370,1612,12.5
2,96,7,0.13,2370,262,1988,12.5
2,97,7,0.13,262,1886,1624,12.5
2,98,7,0.13,1886,3694,1808,12.5
2,99,7,0.13,3694,1315,1717,12.5
2,0,4,0.15,1315,1340,25,12.5
2,1,4,0.15,1340,1394,54,12.5
2,2,4,0.15,1394,1412,18,12.5
2,3,4,0.15,1412,1432,20,12.5
2,4,4,0.15,1431,1479,48,12.5
2,5,4,0.15,1479,1538,59,12.5
2,6,4,0.15,1538,1565,27,12.5
2,7,4,0.15,1565,1629,64,12.5
2,8,4,0.15,1629,1717,88,12.5
2,9,4,0.15,1717,1873,156,12.5
2,10,4,0.15,1873,1925,52,12.5
2,11,4,0.15,1925,1998,73,12.5
2,12,4,0.15,1998,2082,84,12.5
2,13,4,0.15,2082,2139,57,12.5
2,14,4,0.15,2139,2158,19,12.5
2,15,4,0.15,2158,2227,69,12.5
2,16,4,0.15,2227,2416,189,12.5
2,17,4,0.15,2416,2572,156,12.5
2,18,4,0.15,2572,2668,96,12.5
2,19,4,0.15,2668,2754,86,12.5
2,20,4,0.15,2754,2980,226,12.5
2,21,4,0.15,2980,3265,285,12.5
2,22,4,0.15,3265,3654,389,12.5
2,23,4,0.15,3654,3990,336,12.5
2,24,4,0.15,3990,177,283,12.5
2,25,4,0.15,177,391,214,12.5
2,26,4,0.15,391,603,212,12.5
2,27,4,0.15,603,692,89,12.5
2,28,4,0.15,692,742,50,12.5
2,29,4,0.15,742,762,20,12.5
2,30,4,0.15,763,812,49,12.5
2,31,4,0.15,812,946,134,12.5
2,32,4,0.15,946,1054,108,12.5
2,33,4,0.15,1054,1135,81,12.5
2,34,4,0.15,1135,1181,46,12.5
2,35,4,0.15,1181,1247,66,12.5
2,36,4,0.15,1247,1258,11,12.5
2,37,4,0.15,1258,1329,71,12.5
2,38,4,0.15,1329,1399,70,12.5
2,39,4,0.15,1399,1452,53,12.5
2,40,4,0.15,1452,1492,40,12.5
2,41,4,0.15,1492,1562,70,12.5
2,42,4,0.15,1562,1615,53,12.5
2,43,4,0.15,1615,1634,19,12.5
2,44,4,0.15,1634,1752,118,12.5
2,45,4,0.15,1752,1839,87,12.5
2,46,4,0.15,1839,1908,69,12.5
2,47,4,0.15,1908,1985,77,12.5
2,48,4,0.15,1985,2055,70,12.5
2,49,4,0.15,2055,2135,80,12.5
2,50,4,0.15,2135,2192,57,12.5
2,51,4,0.15,2192,2369,177,12.5
2,52,4,0.15,2369,2565,196,12.5
2,53,4,0.15,2565,2679,114,12.5
2,54,4,0.15,2678,2789,111,12.5
2,55,4,0.15,2789,2960,171,12.5
2,56,4,0.15,2960,3214,254,12.5
2,57,4,0.15,3214,3617,403,12.5
2,58,4,0.15,3617,4000,383,12.5
2,59,4,0.15,4000,213,309,12.5
2,60,4,0.15,213,455,242,12.5
2,61,4,0.15,455,628,173,12.5
2,62,4,0.15,628,714,86,12.5
2,63,4,0.15,714,729,15,12.5
2,64,4,0.15,729,821,92,12.5
2,65,4,0.15,821,979,158,12.5
2,66,4,0.15,978,1122,144,12.5
2,67,4,0.15,1122,1192,70,12.5
2,68,4,0.15,1192,1239,47,12.5
2,69,4,0.15,1239,1257,18,12.5
2,70,4,0.15,1257,1307,50,12.5
2,71,4,0.15,1307,1383,76,12.5
2,72,4,0.15,1383,1424,41,12.5
2,73,4,0.15,1425,1429,4,12.5
2,74,4,0.15,1429,1455,26,12.5
2,75,4,0.15,1455,1522,67,12.5
2,76,4,0.15,1522,1569,47,12.5
2,77,4,0.15,1569,1575,6,12.5
2,78,4,0.15,1575,1592,17,12.5
2,79,4,0.15,1592,1670,78,12.5
2,80,4,0.15,1671,1809,138,12.5
2,81,4,0.15,1809,1929,120,12.5
2,82,4,0.15,1929,2070,141,12.5
2,83,4,0.15,2071,2125,54,12.5
2,84,4,0.15,2125,2199,74,12.5
2,85,4,0.15,2199,2341,142,12.5
2,86,4,0.15,2341,2514,173,12.5
2,87,4,0.15,2514,2667,153,12.5
2,88,4,0.15,2667,2824,157,12.5
2,89,4,0.15,2824,3036,212,12.5
2,90,4,0.15,3036,3362,326,12.5
2,91,4,0.15,3362,3595,233,12.5
2,92,4,0.15,3595,30,531,12.5
2,93,4,0.15,30,293,263,12.5
2,94,4,0.15,293,546,253,12.5
2,95,4,0.15,546,696,150,12.5
2,96,4,0.15,696,730,34,12.5
2,97,4,0.15,731,851,120,12.5
2,98,4,0.15,851,1026,175,12.5
2,99,4,0.15,1026,1112,86,12.5
2,0,5,0.15,1112,1769,657,12.5
2,1,5,0.15,1769,2472,703,12.5
2,2,5,0.15,2472,3258,786,12.5
2,3,5,0.15,3258,209,1047,12.5
2,4,5,0.15,209,909,700,12.5
2,5,5,0.15,909,1566,657,12.5
2,6,5,0.15,1566,2230,664,12.5
2,7,5,0.15,2230,2941,711,12.5
2,8,5,0.15,2941,3949,1008,12.5
2,9,5,0.15,3950,682,828,12.5
2,10,5,0.15,682,1306,624,12.5
2,11,5,0.15,1306,2005,699,12.5
2,12,5,0.15,2005,2687,682,12.5
2,13,5,0.15,2687,3601,914,12.5
2,14,5,0.15,3600,432,928,12.5
2,15,5,0.15,432,1113,681,12.5
2,16,5,0.15,1114,1760,646,12.5
2,17,5,0.15,1760,2441,681,12.5
2,18,5,0.15,2441,3218,777,12.5
2,19,5,0.15,3218,137,1015,12.5
2,20,5,0.15,137,854,717,12.5
2,21,5,0.15,854,1527,673,12.5
2,22,5,0.15,1527,2220,693,12.5
2,23,5,0.15,2220,2923,703,12.5
2,24,5,0.15,2923,3929,1006,12.5
2,25,5,0.15,3929,678,845,12.5
2,26,5,0.15,678,1281,603,12.5
2,27,5,0.15,1281,1973,692,12.5
2,28,5,0.15,1973,2326,353,12.5
2,29,5,0.15,2326,3514,1188,12.5
2,30,5,0.15,3514,374,956,12.5
2,31,5,0.15,374,1072,698,12.5
2,32,5,0.15,1072,1699,627,12.5
2,33,5,0.15,1699,2391,692,12.5
2,34,5,0.15,2391,3123,732,12.5
2,35,5,0.15,3123,79,1052,12.5
2,36,5,0.15,79,828,749,12.5
2,37,5,0.15,828,1491,663,12.5
2,38,5,0.15,1492,2160,668,12.5
2,39,5,0.15,2159,2850,691,12.5
2,40,5,0.15,2850,3822,972,12.5
2,41,5,0.15,3822,602,876,12.5
2,42,5,0.15,602,958,356,12.5
2,43,5,0.15,958,1903,945,12.5
2,44,5,0.15,1903,2597,694,12.5
2,45,5,0.15,2597,3426,829,12.5
2,46,5,0.15,3426,303,973,12.5
2,47,5,0.15,303,1001,698,12.5
2,48,5,0.15,1001,1654,653,12.5
2,49,5,0.15,1654,2297,643,12.5
2,50,5,0.15,2297,3037,740,12.5
2,51,5,0.15,3037,3961,924,12.5
2,52,5,0.15,3961,679,814,12.5
2,53,5,0.15,679,1269,590,12.5
2,54,5,0.15,1269,1944,675,12.5
2,55,5,0.15,1944,2574,630,12.5
2,56,5,0.15,2574,3351,777,12.5
2,57,5,0.15,3351,259,1004,12.5
2,58,5,0.15,259,954,695,12.5
2,59,5,0.15,954,1600,646,12.5
2,60,5,0.15,1600,2262,662,12.5
2,61,5,0.15,2262,2974,712,12.5
2,62,5,0.15,2974,3963,989,12.5
2,63,5,0.15,3963,681,814,12.5
2,64,5,0.15,681,1268,587,12.5
2,65,5,0.15,1268,1970,702,12.5
2,66,5,0.15,1970,2640,670,12.5
2,67,5,0.15,2640,3501,861,12.5
2,68,5,0.15,3501,347,942,12.5
2,69,5,0.15,347,1061,714,12.5
2,70,5,0.15,1061,1721,660,12.5
2,71,5,0.15,1721,2402,681,12.5
2,72,5,0.15,2402,3122,720,12.5
2,73,5,0.15,3122,66,1040,12.5
2,74,5,0.15,66,799,733,12.5
2,75,5,0.15,799,1436,637,12.5
2,76,5,0.15,1436,2106,670,12.5
2,77,5,0.15,2106,2778,672,12.5
2,78,5,0.15,2778,3655,877,12.5
2,79,5,0.15,3655,479,920,12.5
2,80,5,0.15,479,1142,663,12.5
2,81,5,0.15,1142,1795,653,12.5
2,82,5,0.15,1795,2472,677,12.5
2,83,5,0.15,2472,3223,751,12.5
2,84,5,0.15,3223,154,1027,12.5
2,85,5,0.15,154,849,695,12.5
2,86,5,0.15,849,1512,663,12.5
2,87,5,0.15,1512,2171,659,12.5
2,88,5,0.15,2171,2879,708,12.5
2,89,5,0.15,2879,3848,969,12.5
2,90,5,0.15,3848,602,850,12.5
2,91,5,0.15,602,1222,620,12.5
2,92,5,0.15,1221,1889,668,12.5
2,93,5,0.15,1889,2557,668,12.5
2,94,5,0.15,2557,3369,812,12.5
2,95,5,0.15,3369,256,983,12.5
2,96,5,0.15,256,943,687,12.5
2,97,5,0.15,943,1583,640,12.5
2,98,5,0.15,1583,2231,648,12.5
2,99,5,0.15,2231,2935,704,12.5
2,0,6,0.15,2935,446,1607,12.5
2,1,6,0.15,446,1675,1229,12.5
2,2,6,0.15,1675,2977,1302,12.5
2,3,6,0.15,2977,496,1615,12.5
2,4,6,0.15,496,1741,1245,12.5
2,5,6,0.15,1741,3010,1269,12.5
2,6,6,0.15,3010,506,1592,12.5
2,7,6,0.15,505,1734,1229,12.5
2,8,6,0.15,1734,3016,1282,12.5
2,9,6,0.15,3016,505,1585,12.5
2,10,6,0.15,505,1725,1220,12.5
2,11,6,0.15,1725,2997,1272,12.5
2,12,6,0.15,2997,528,1627,12.5
2,13,6,0.15,528,1734,1206,12.5
2,14,6,0.15,1734,2953,1219,12.5
2,15,6,0.15,2953,459,1602,12.5
2,16,6,0.15,459,1669,1210,12.5
2,17,6,0.15,1669,2913,1244,12.5
2,18,6,0.15,2913,342,1525,12.5
2,19,6,0.15,342,1588,1246,12.5
2,20,6,0.15,1587,2792,1205,12.5
2,21,6,0.15,2792,280,1584,12.5
2,22,6,0.15,280,1510,1230,12.5
2,23,6,0.15,1510,2735,1225,12.5
2,24,6,0.15,2735,210,1571,12.5
2,25,6,0.15,210,1428,1218,12.5
2,26,6,0.15,1428,2680,1252,12.5
2,27,6,0.15,2680,136,1552,12.5
2,28,6,0.15,136,1374,1238,12.5
2,29,6,0.15,1374,2631,1257,12.5
2,30,6,0.15,2631,91,1556,12.5
2,31,6,0.15,91,1300,1209,12.5
2,32,6,0.15,1300,2542,1242,12.5
2,33,6,0.15,2542,4063,1521,12.5
2,34,6,0.15,4063,1205,1238,12.5
2,35,6,0.15,1205,2471,1266,12.5
2,36,6,0.15,2471,4004,1533,12.5
2,37,6,0.15,4004,1182,1274,12.5
2,38,6,0.15,1182,2403,1221,12.5
2,39,6,0.15,2404,3875,1471,12.5
2,40,6,0.15,3875,1080,1301,12.5
2,41,6,0.15,1080,2295,1215,12.5
2,42,6,0.15,2295,3768,1473,12.5
2,43,6,0.15,3768,1011,1339,12.5
2,44,6,0.15,1011,2213,1202,12.5
2,45,6,0.15,2213,3616,1403,12.5
2,46,6,0.15,3616,878,1358,12.5
2,47,6,0.15,878,2107,1229,12.5
2,48,6,0.15,2107,3453,1346,12.5
2,49,6,0.15,3453,779,1422,12.5
2,50,6,0.15,779,1440,661,12.5
2,51,6,0.15,1440,3252,1812,12.5
2,52,6,0.15,3252,653,1497,12.5
2,53,6,0.15,653,1826,1173,12.5
2,54,6,0.15,1826,3029,1203,12.5
2,55,6,0.15,3029,476,1543,12.5
2,56,6,0.15,476,1655,1179,12.5
2,57,6,0.15,1655,2852,1197,12.5
2,58,6,0.15,2852,308,1552,12.5
2,59,6,0.15,308,1480,1172,12.5
2,60,6,0.15,1480,2692,1212,12.5
2,61,6,0.15,2692,126,1530,12.5
2,62,6,0.15,126,1357,1231,12.5
2,63,6,0.15,1357,2571,1214,12.5
2,64,6,0.15,2571,4078,1507,12.5
2,65,6,0.15,4078,1199,1217,12.5
2,66,6,0.15,1199,2375,1176,12.5
2,67,6,0.15,2375,3842,1467,12.5
2,68,6,0.15,3842,1024,1278,12.5
2,69,6,0.15,1024,2221,1197,12.5
2,70,6,0.15,2221,3628,1407,12.5
2,71,6,0.15,3628,893,1361,12.5
2,72,6,0.15,893,2112,1219,12.5
2,73,6,0.15,2112,2729,617,12.5
2,74,6,0.15,2729,738,2105,12.5
2,75,6,0.15,738,1933,1195,12.5
2,76,6,0.15,1934,3110,1176,12.5
2,77,6,0.15,3110,546,1532,12.5
2,78,6,0.15,546,1733,1187,12.5
2,79,6,0.15,1733,2885,1152,12.5
2,80,6,0.15,2885,324,1535,12.5
2,81,6,0.15,324,1472,1148,12.5
2,82,6,0.15,1472,2664,1192,12.5
2,83,6,0.15,2664,74,1506,12.5
2,84,6,0.15,74,1323,1249,12.5
2,85,6,0.15,1324,2525,1201,12.5
2,86,6,0.15,2525,4001,1476,12.5
2,87,6,0.15,4001,1201,1296,12.5
2,88,6,0.15,1201,2393,1192,12.5
2,89,6,0.15,2393,3807,1414,12.5
2,90,6,0.15,3807,1018,1307,12.5
2,91,6,0.15,1018,2205,1187,12.5
2,92,6,0.15,2205,3507,1302,12.5
2,93,6,0.15,3507,785,1374,12.5
2,94,6,0.15,785,1971,1186,12.5
2,95,6,0.15,1971,3136,1165,12.5
2,96,6,0.15,3136,559,1519,12.5
2,97,6,0.15,559,1697,1138,12.5
2,98,6,0.15,1697,2864,1167,12.5
2,99,6,0.15,2864,273,1505,12.5
2,0,7,0.15,273,2078,1805,12.5
2,1,7,0.15,2078,92,2110,12.5
2,2,7,0.15,92,1944,1852,12.5
2,3,7,0.15,1944,4037,2093,12.5
2,4,7,0.15,4038,1796,1854,12.5
2,5,7,0.15,1796,3783,1987,12.5
2,6,7,0.15,3783,1613,1926,12.5
2,7,7,0.15,1613,3536,1923,12.5
2,8,7,0.15,3536,1399,1959,12.5
2,9,7,0.15,1399,3189,1790,12.5
2,10,7,0.15,3189,1085,1992,12.5
2,11,7,0.15,1086,2873,1787,12.5
2,12,7,0.15,2873,829,2052,12.5
2,13,7,0.15,829,2598,1769,12.5
2,14,7,0.15,2598,576,2074,12.5
2,15,7,0.15,576,2308,1732,12.5
2,16,7,0.15,2307,306,2095,12.5
2,17,7,0.15,306,2115,1809,12.5
2,18,7,0.15,2115,71,2052,12.5
2,19,7,0.15,71,1887,1816,12.5
2,20,7,0.15,1887,3862,1975,12.5
2,21,7,0.15,3862,1624,1858,12.5
2,22,7,0.15,1624,3461,1837,12.5
2,23,7,0.15,3461,1315,1950,12.5
2,24,7,0.15,1315,3089,1774,12.5
2,25,7,0.15,3088,1011,2019,12.5
2,26,7,0.15,1011,2787,1776,12.5
2,27,7,0.15,2787,710,2019,12.5
2,28,7,0.15,710,2438,1728,12.5
2,29,7,0.15,2438,426,2084,12.5
2,30,7,0.15,426,2146,1720,12.5
2,31,7,0.15,2146,116,2066,12.5
2,32,7,0.15,117,1884,1767,12.5
2,33,7,0.15,1884,3838,1954,12.5
2,34,7,0.15,3838,1576,1834,12.5
2,35,7,0.15,1576,3343,1767,12.5
2,36,7,0.15,3343,1218,1971,12.5
2,37,7,0.15,1218,2967,1749,12.5
2,38,7,0.15,2967,859,1988,12.5
2,39,7,0.15,859,2598,1739,12.5
2,40,7,0.15,2598,604,2102,12.5
2,41,7,0.15,604,2245,1641,12.5
2,42,7,0.15,2245,218,2069,12.5
2,43,7,0.15,218,1952,1734,12.5
2,44,7,0.15,1952,3880,1928,12.5
2,45,7,0.15,3880,1593,1809,12.5
2,46,7,0.15,1593,3363,1770,12.5
2,47,7,0.15,3363,1215,1948,12.5
2,48,7,0.15,1215,2946,1731,12.5
2,49,7,0.15,2946,850,2000,12.5
2,50,7,0.15,851,2555,1704,12.5
2,51,7,0.15,2555,3391,836,12.5
2,52,7,0.15,3391,2145,2850,12.5
2,53,7,0.15,2145,93,2044,12.5
2,54,7,0.15,93,1838,1745,12.5
2,55,7,0.15,1837,3784,1947,12.5
2,56,7,0.15,3784,1514,1826,12.5
2,57,7,0.15,1514,3320,1806,12.5
2,58,7,0.15,3320,1197,1973,12.5
2,59,7,0.15,1197,2881,1684,12.5
2,60,7,0.15,2881,3844,963,12.5
2,61,7,0.15,3844,2494,2746,12.5
2,62,7,0.15,2494,454,2056,12.5
2,63,7,0.15,454,2149,1695,12.5
2,64,7,0.15,2149,65,2012,12.5
2,65,7,0.15,65,1802,1737,12.5
2,66,7,0.15,1802,3569,1767,12.5
2,67,7,0.15,3569,1348,1875,12.5
2,68,7,0.15,1348,3003,1655,12.5
2,69,7,0.15,3003,899,1992,12.5
2,70,7,0.15,899,2549,1650,12.5
2,71,7,0.15,2549,436,1983,12.5
2,72,7,0.15,436,2122,1686,12.5
2,73,7,0.15,2122,66,2040,12.5
2,74,7,0.15,66,1816,1750,12.5
2,75,7,0.15,1816,3665,1849,12.5
2,76,7,0.15,3665,1423,1854,12.5
2,77,7,0.15,1423,3077,1654,12.5
2,78,7,0.15,3077,957,1976,12.5
2,79,7,0.15,957,2630,1673,12.5
2,80,7,0.15,2631,561,2026,12.5
2,81,7,0.15,561,2204,1643,12.5
2,82,7,0.15,2204,134,2026,12.5
2,83,7,0.15,133,1842,1709,12.5
2,84,7,0.15,1842,3706,1864,12.5
2,85,7,0.15,3706,1440,1830,12.5
2,86,7,0.15,1440,3030,1590,12.5
2,87,7,0.15,3030,910,1976,12.5
2,88,7,0.15,910,2587,1677,12.5
2,89,7,0.15,2587,507,2016,12.5
2,90,7,0.15,507,2148,1641,12.5
2,91,7,0.15,2148,16,1964,12.5
2,92,7,0.15,16,1728,1712,12.5
2,93,7,0.15,1728,3419,1691,12.5
2,94,7,0.15,3419,1214,1891,12.5
2,95,7,0.15,1214,2815,1601,12.5
2,96,7,0.15,2815,687,1968,12.5
2,97,7,0.15,687,2278,1591,12.5
2,98,7,0.15,2278,209,2027,12.5
2,99,7,0.15,209,1873,1664,12.5
2,0,8,0.03,497,998,501,12.5
2,1,8,0.03,998,1496,498,12.5
2,2,8,0.03,1496,1932,436,12.5
2,3,8,0.03,1932,2397,465,12.5
2,4,8,0.03,2397,2921,524,12.5
2,5,8,0.03,2921,3719,798,12.5
2,6,8,0.03,3719,440,817,12.5
2,7,8,0.03,440,978,538,12.5
2,8,8,0.03,978,1464,486,12.5
2,9,8,0.03,1463,1951,488,12.5
2,10,8,0.03,1951,2380,429,12.5
2,11,8,0.03,2380,2963,583,12.5
2,12,8,0.03,2963,3789,826,12.5
2,13,8,0.03,3789,488,795,12.5
2,14,8,0.03,488,996,508,12.5
2,15,8,0.03,996,1490,494,12.5
2,16,8,0.03,1491,1934,443,12.5
2,17,8,0.03,1934,2384,450,12.5
2,18,8,0.03,2384,2890,506,12.5
2,19,8,0.03,2890,3679,789,12.5
2,20,8,0.03,3679,406,823,12.5
2,21,8,0.03,406,948,542,12.5
2,22,8,0.03,948,1460,512,12.5
2,23,8,0.03,1460,1931,471,12.5
2,24,8,0.03,1931,2367,436,12.5
2,25,8,0.03,2367,2923,556,12.5
2,26,8,0.03,2923,3762,839,12.5
2,27,8,0.03,3762,460,794,12.5
2,28,8,0.03,460,979,519,12.5
2,29,8,0.03,979,1490,511,12.5
2,30,8,0.03,1490,1953,463,12.5
2,31,8,0.03,1953,2397,444,12.5
2,32,8,0.03,2397,2950,553,12.5
2,33,8,0.03,2950,3852,902,12.5
2,34,8,0.03,3851,506,751,12.5
2,35,8,0.03,506,1015,509,12.5
2,36,8,0.03,1015,1484,469,12.5
2,37,8,0.03,1484,1975,491,12.5
2,38,8,0.03,1975,2463,488,12.5
2,39,8,0.03,2463,3050,587,12.5
2,40,8,0.03,3050,3967,917,12.5
2,41,8,0.03,3967,585,714,12.5
2,42,8,0.03,585,1085,500,12.5
2,43,8,0.03,1085,1585,500,12.5
2,44,8,0.03,1585,2038,453,12.5
2,45,8,0.03,2038,2494,456,12.5
2,46,8,0.03,2494,3026,532,12.5
2,47,8,0.03,3026,3906,880,12.5
2,48,8,0.03,3906,568,758,12.5
2,49,8,0.03,568,1093,525,12.5
2,0,10,0.03,1093,1588,495,12.5
2,1,10,0.03,1588,2126,538,12.5
2,2,10,0.03,2126,2592,466,12.5
2,3,10,0.03,2592,3209,617,12.5
2,4,10,0.03,3209,174,1061,12.5
2,5,10,0.03,174,796,622,12.5
2,6,10,0.03,796,1330,534,12.5
2,7,10,0.03,1330,1858,528,12.5
2,8,10,0.03,1858,2322,464,12.5
2,9,10,0.03,2322,2897,575,12.5
2,10,10,0.03,2897,3716,819,12.5
2,11,10,0.03,3716,536,916,12.5
2,12,10,0.03,536,536,0,12.5
2,13,10,0.03,536,1078,542,12.5
2,14,10,0.03,1078,2051,973,12.5
2,15,10,0.03,2051,2557,506,12.5
2,16,10,0.03,2557,3106,549,12.5
2,17,10,0.03,3106,29,1019,12.5
2,18,10,0.03,29,779,750,12.5
2,19,10,0.03,779,1290,511,12.5
2,20,10,0.03,1290,1862,572,12.5
2,21,10,0.03,1861,2324,463,12.5
2,22,10,0.03,2324,2967,643,12.5
2,23,10,0.03,2967,3850,883,12.5
2,24,10,0.03,3850,671,917,12.5
2,25,10,0.03,671,1123,452,12.5
2,26,10,0.03,1123,1591,468,12.5
2,27,10,0.03,1591,2112,521,12.5
2,28,10,0.03,2112,2592,480,12.5
2,29,10,0.03,2592,3129,537,12.5
2,30,10,0.03,3129,117,1084,12.5
2,31,10,0.03,117,785,668,12.5
2,32,10,0.03,785,1286,501,12.5
2,33,10,0.03,1286,1842,556,12.5
2,34,10,0.03,1842,2310,468,12.5
2,35,10,0.03,2310,2897,587,12.5
2,36,10,0.03,2898,3725,827,12.5
2,37,10,0.03,3725,524,895,12.5
2,38,10,0.03,524,1070,546,12.5
2,39,10,0.03,1070,1630,560,12.5
2,40,10,0.03,1630,2173,543,12.5
2,41,10,0.03,2173,2723,550,12.5
2,42,10,0.03,2723,3412,689,12.5
2,43,10,0.03,3412,330,1014,12.5
2,44,10,0.03,330,1040,710,12.5
2,45,10,0.03,1040,1614,574,12.5
2,46,10,0.03,1614,2170,556,12.5
2,47,10,0.03,2170,2673,503,12.5
2,48,10,0.03,2673,3356,683,12.5
2,49,10,0.03,3356,402,1142,12.5
2,0,12,0.03,402,1092,690,12.5
2,1,12,0.03,1092,1687,595,12.5
2,2,12,0.03,1687,2218,531,12.5
2,3,12,0.03,2218,2752,534,12.5
2,4,12,0.03,2752,3453,701,12.5
2,5,12,0.03,3453,384,1027,12.5
2,6,12,0.03,384,1002,618,12.5
2,7,12,0.03,1002,1553,551,12.5
2,8,12,0.03,1553,2078,525,12.5
2,9,12,0.03,2078,2574,496,12.5
2,10,12,0.03,2574,3147,573,12.5
2,11,12,0.03,3147,190,1139,12.5
2,12,12,0.03,190,843,653,12.5
2,13,12,0.03,843,1399,556,12.5
2,14,12,0.03,1399,1914,515,12.5
2,15,12,0.03,1914,2389,475,12.5
2,16,12,0.03,2389,2998,609,12.5
2,17,12,0.03,2998,4025,1027,12.5
2,18,12,0.03,4025,786,857,12.5
2,19,12,0.03,786,1335,549,12.5
2,20,12,0.03,1335,1898,563,12.5
2,21,12,0.03,1898,2375,477,12.5
2,22,12,0.03,2375,2935,560,12.5
2,23,12,0.03,2935,3834,899,12.5
2,24,12,0.03,3834,677,939,12.5
2,25,12,0.03,678,1156,478,12.5
2,26,12,0.03,1156,1697,541,12.5
2,27,12,0.03,1697,2201,504,12.5
2,28,12,0.03,2201,2708,507,12.5
2,29,12,0.03,2708,3328,620,12.5
2,30,12,0.03,3328,406,1174,12.5
2,31,12,0.03,406,406,0,12.5
2,32,12,0.03,406,1637,1231,12.5
2,33,12,0.03,1637,2177,540,12.5
2,34,12,0.03,2177,2678,501,12.5
2,35,12,0.03,2679,3315,636,12.5
2,36,12,0.03,3315,309,1090,12.5
2,37,12,0.03,309,985,676,12.5
2,38,12,0.03,985,1499,514,12.5
2,39,12,0.03,1499,2034,535,12.5
2,40,12,0.03,2034,2510,476,12.5
2,41,12,0.03,2510,3078,568,12.5
2,42,12,0.03,3078,4018,940,12.5
2,43,12,0.03,4018,715,793,12.5
2,44,12,0.03,715,1167,452,12.5
2,45,12,0.03,1167,1722,555,12.5
2,46,12,0.03,1722,2242,520,12.5
2,47,12,0.03,2242,2747,505,12.5
2,48,12,0.03,2747,3475,728,12.5
2,49,12,0.03,3475,378,999,12.5
2,0,9,0.03,378,1017,639,12.5
2,1,9,0.03,1017,1549,532,12.5
2,2,9,0.03,1549,2100,551,12.5
2,3,9,0.03,2100,2556,456,12.5
2,4,9,0.03,2556,3162,606,12.5
2,5,9,0.03,3162,81,1015,12.5
2,6,9,0.03,81,790,709,12.5
2,7,9,0.03,790,1341,551,12.5
2,8,9,0.03,1341,1845,504,12.5
2,9,9,0.03,1845,2326,481,12.5
2,10,9,0.03,2326,2923,597,12.5
2,11,9,0.03,2923,3803,880,12.5
2,12,9,0.03,3803,597,890,12.5
2,13,9,0.03,596,1145,549,12.5
2,14,9,0.03,1145,1627,482,12.5
2,15,9,0.03,1627,2151,524,12.5
2,16,9,0.03,2151,2644,493,12.5
2,17,9,0.03,2644,3259,615,12.5
2,18,9,0.03,3259,130,967,12.5
2,19,9,0.03,130,791,661,12.5
2,20,9,0.03,791,1261,470,12.5
2,21,9,0.03,1261,1800,539,12.5
2,22,9,0.03,1800,2288,488,12.5
2,23,9,0.03,2288,2759,471,12.5
2,24,9,0.03,2759,3476,717,12.5
2,25,9,0.03,3476,372,992,12.5
2,26,9,0.03,372,1009,637,12.5
2,27,9,0.03,1009,1511,502,12.5
2,28,9,0.03,1511,1966,455,12.5
2,29,9,0.03,1966,2446,480,12.5
2,30,9,0.03,2446,2988,542,12.5
2,31,9,0.03,2988,3905,917,12.5
2,32,9,0.03,3905,634,825,12.5
2,33,9,0.03,634,1129,495,12.5
2,34,9,0.03,1129,1582,453,12.5
2,35,9,0.03,1582,2073,491,12.5
2,36,9,0.03,2073,2500,427,12.5
2,37,9,0.03,2501,3096,595,12.5
2,38,9,0.03,3096,9,1009,12.5
2,39,9,0.03,9,760,751,12.5
2,40,9,0.03,760,1265,505,12.5
2,41,9,0.03,1265,1745,480,12.5
2,42,9,0.03,1745,2213,468,12.5
2,43,9,0.03,2213,2699,486,12.5
2,44,9,0.03,2699,3392,693,12.5
2,45,9,0.03,3392,291,995,12.5
2,46,9,0.03,291,915,624,12.5
2,47,9,0.03,915,1384,469,12.5
2,48,9,0.03,1384,1877,493,12.5
2,49,9,0.03,1877,2319,442,12.5
2,0,11,0.03,2319,2888,569,12.5
2,1,11,0.03,2888,3744,856,12.5
2,2,11,0.03,3744,619,971,12.5
2,3,11,0.03,619,1133,514,12.5
2,4,11,0.03,1133,1626,493,12.5
2,5,11,0.03,1626,2121,495,12.5
2,6,11,0.03,2121,2615,494,12.5
2,7,11,0.03,2615,3319,704,12.5
2,8,11,0.03,3320,353,1129,12.5
2,9,11,0.03,353,1053,700,12.5
2,10,11,0.03,1053,1554,501,12.5
2,11,11,0.03,1555,2075,520,12.5
2,12,11,0.03,2075,2075,0,12.5
2,13,11,0.03,2075,3117,1042,12.5
2,14,11,0.03,3117,60,1039,12.5
2,15,11,0.03,60,769,709,12.5
2,16,11,0.03,769,1258,489,12.5
2,17,11,0.03,1258,1780,522,12.5
2,18,11,0.03,1780,2222,442,12.5
2,19,11,0.03,2222,2739,517,12.5
2,20,11,0.03,2739,3481,742,12.5
2,21,11,0.03,3481,376,991,12.5
2,22,11,0.03,376,1017,641,12.5
2,23,11,0.03,1017,1542,525,12.5
2,24,11,0.03,1542,2028,486,12.5
2,25,11,0.03,2028,2467,439,12.5
2,26,11,0.03,2467,3026,559,12.5
2,27,11,0.03,3026,3970,944,12.5
2,28,11,0.03,3970,695,821,12.5
2,29,11,0.03,695,1215,520,12.5
2,30,11,0.03,1215,1781,566,12.5
2,31,11,0.03,1781,2254,473,12.5
2,32,11,0.03,2254,2850,596,12.5
2,33,11,0.03,2850,3617,767,12.5
2,34,11,0.03,3617,438,917,12.5
2,35,11,0.03,438,1076,638,12.5
2,36,11,0.03,1076,1076,0,12.5
2,37,11,0.03,1076,2029,953,12.5
2,38,11,0.03,2029,2475,446,12.5
2,39,11,0.03,2475,3026,551,12.5
2,40,11,0.03,3026,3974,948,12.5
2,41,11,0.03,3974,730,852,12.5
2,42,11,0.03,730,1234,504,12.5
2,43,11,0.03,1234,1746,512,12.5
2,44,11,0.03,1746,2239,493,12.5
2,45,11,0.03,2239,2770,531,12.5
2,46,11,0.03,2770,3514,744,12.5
2,47,11,0.03,3514,442,1024,12.5
2,48,11,0.03,442,1022,580,12.5
2,49,11,0.03,1022,1546,524,12.5
2,0,13,0.03,1546,2037,491,12.5
2,1,13,0.03,2037,2533,496,12.5
2,2,13,0.03,2533,3063,530,12.5
2,3,13,0.03,3063,4069,1006,12.5
2,4,13,0.03,4069,755,782,12.5
2,5,13,0.03,755,1293,538,12.5
2,6,13,0.03,1293,1827,534,12.5
2,7,13,0.03,1827,2273,446,12.5
2,8,13,0.03,2273,2811,538,12.5
2,9,13,0.03,2811,3546,735,12.5
2,10,13,0.03,3546,367,917,12.5
2,11,13,0.03,367,1042,675,12.5
2,12,13,0.03,1042,1571,529,12.5
2,13,13,0.03,1570,2059,489,12.5
2,14,13,0.03,2059,2585,526,12.5
2,15,13,0.03,2584,3145,561,12.5
2,16,13,0.03,3145,117,1068,12.5
2,17,13,0.03,117,836,719,12.5
2,18,13,0.03,836,1374,538,12.5
2,19,13,0.03,1374,1867,493,12.5
2,20,13,0.03,1867,2314,447,12.5
2,21,13,0.03,2314,2865,551,12.5
2,22,13,0.03,2865,3702,837,12.5
2,23,13,0.03,3702,555,949,12.5
2,24,13,0.03,555,1076,521,12.5
2,25,13,0.03,1076,1599,523,12.5
2,26,13,0.03,1599,2114,515,12.5
2,27,13,0.03,2114,2611,497,12.5
2,28,13,0.03,2611,3256,645,12.5
2,29,13,0.03,3256,230,1070,12.5
2,30,13,0.03,230,896,666,12.5
2,31,13,0.03,896,1495,599,12.5
2,32,13,0.03,1495,1997,502,12.5
2,33,13,0.03,1997,2441,444,12.5
2,34,13,0.03,2441,2992,551,12.5
2,35,13,0.03,2992,3891,899,12.5
2,36,13,0.03,3891,722,927,12.5
2,37,13,0.03,722,1166,444,12.5
2,38,13,0.03,1166,1656,490,12.5
2,39,13,0.03,1657,2145,488,12.5
2,40,13,0.03,2145,2689,544,12.5
2,41,13,0.03,2689,3334,645,12.5
2,42,13,0.03,3334,382,1144,12.5
2,43,13,0.03,382,1070,688,12.5
2,44,13,0.03,1070,1562,492,12.5
2,45,13,0.03,1562,2069,507,12.5
2,46,13,0.03,2069,2504,435,12.5
2,47,13,0.03,2504,3020,516,12.5
2,48,13,0.03,3020,3919,899,12.5
2,49,13,0.03,3919,678,855,12.5